id;title;contents;createtime;image;image_content_type
1;mobile Fish;Home Loan Account Table Computer;2019-10-25;../fake-data/blob/hipster.png;image/png
2;FTP Savings Account;deposit Tasty Metal Bacon Implementation;2019-10-25;../fake-data/blob/hipster.png;image/png
3;Officer;methodology Albania;2019-10-25;../fake-data/blob/hipster.png;image/png
4;intangible;enable Gorgeous Frozen Pants;2019-10-25;../fake-data/blob/hipster.png;image/png
5;Licensed Savings Account;Cambridgeshire Mississippi;2019-10-25;../fake-data/blob/hipster.png;image/png
6;Credit Card Account Table Small Frozen Sausages;South Dakota envisioneer Music;2019-10-25;../fake-data/blob/hipster.png;image/png
7;Monitored Bahamian Dollar Investment Account;Games Regional Digitized;2019-10-24;../fake-data/blob/hipster.png;image/png
8;hardware Costa Rica Mayotte;Industrial;2019-10-24;../fake-data/blob/hipster.png;image/png
9;Views e-enable Communications;National Awesome sky blue;2019-10-25;../fake-data/blob/hipster.png;image/png
10;software scale interactive;Louisiana Specialist Home Loan Account;2019-10-25;../fake-data/blob/hipster.png;image/png
