id;title;content;date
1;Industrial;../fake-data/blob/hipster.txt;2019-10-01T17:07:57
2;Views e-enable Communications;../fake-data/blob/hipster.txt;2019-10-01T19:53:34
3;archive Georgia Aruba;../fake-data/blob/hipster.txt;2019-10-01T14:16:45
4;navigating;../fake-data/blob/hipster.txt;2019-10-01T19:24:42
5;South Georgia and the South Sandwich Islands;../fake-data/blob/hipster.txt;2019-10-01T23:15:55
6;Specialist Home Loan Account;../fake-data/blob/hipster.txt;2019-10-02T06:43:23
7;scalable;../fake-data/blob/hipster.txt;2019-10-02T09:22:50
8;Industrial;../fake-data/blob/hipster.txt;2019-10-02T03:11:08
9;reinvent 24 hour Jewelery;../fake-data/blob/hipster.txt;2019-10-02T08:34:30
10;monitor 1080p Checking Account;../fake-data/blob/hipster.txt;2019-10-01T15:06:58
